320918254,Vickehhx33
95656300,JayBouwman
290268568,Weezlic
52736381,Cnett21
277769310,50ShadesOf_Bay
37749959,theREALtingy
58374966,GTM127
264628404,CurtxCobain
275725843,mgstrong525
234669118,JohnChungg
93350436,_DannyCee
283252009,heroofaIbion
279177113,VeeZeyFBaby
198189594,kgoldd
326509990,evan_danos
76197212,NintendoThug
243319382,Queen_VictoriaL
322956056,marybary_518
57552116,AlexRea98
227108149,jenbiebvill
90233061,maddiebrookep
254108070,btwimmeg
321647306,DynamyteDylan
304705046,leah_eller
65107757,acdorion
55482997,BrandonSellitti
61634536,YepItsLauren
164799361,_FATJESUS
304796892,jadenmayflower
84167314,AlexYork
163614757,MyName_Robert
196757095,Vanetassis
259533576,jessarndtt
96423170,_AshaJay
62648441,LittleNatal
270479707,pennywisee_
380618924,braaandur
333194654,Sophiejclauss
380053409,jordandelane
231970972,sydneeywigham
60252529,MikeyBro_09
23553730,JennVorpahl
363847840,DirtyShellToes
218099040,Car0linaKid803
45278016,Nw425er
262346368,_IgobyAaron
257106582,isabelortega26
347613520,Mr_GooodWood
380479475,Callme_Sweety
262912800,maweeeaa_
32623333,SarahJanvier
169001284,_morganlee
233808043,SamanthaLebbos
126155886,Dguardado2010
36227219,ariana_janaee
203656084,SmokedOut_Nutty
15886924,alexandraaaaa17
320431059,E_At_It_Again
91925221,Phrozenthedruid
62552349,clucasm
268557840,Love_theFuture
294864398,mcdade_mike
36929472,callmekatherine
254748618,vannaahh_
290857774,briannaR_dunkel
296433109,samdelgrande
70724896,Justin_Youngg
134120927,caca10001
68979118,jazzy_babii_22
229865466,DoneGoneHamV2
156393615,mattchewizcool
351687363,Kat_legault
114866787,rahoot
313660948,morgankaitlyn12
346073826,Ethan_B_Good
368368493,jessica_beal
40352693,whoiswyatt
231497380,AlexTheTimelord
252413333,tyrANNAsarous
294823376,Andrea_cc7
240492997,ACH3N
183115415,gapitcaroline
234586270,justbi3ber
238452879,surethingkiddo
170547353,A_Timps
253438069,haileywnelson
281289188,iLive_ToPlay
344215167,SofiaNasafi
353824529,Rileysagesmom89
33055549,dave8822
161790425,AshleyKlis
241666095,bigpapibrad_
257513036,Emmaalleeee
309984509,babybitchel
47992126,_JET_JET_
22994551,MatthewRoach7
249449454,carsonham12
59534956,Auttie_Rea
128091149,VeeLo_
386731248,AddisonFaith_
352856870,n00netime
123042176,k_volis
125217315,evelynized
243429263,sarahhh_gee
25940641,stsandel
114044206,Matt_Crenshaw
146868029,noahniedziela
309800804,dj_dylon
8465072,johnmagpantay
264514479,LyleLoganMarotz
69151701,Kid_Dmg
404439154,Chris_Ames4
253766808,BoysLoveM_
335518656,WhatAn_AshHole
28176987,_mamaa
323127182,BornLegendaryy
231083817,katherinevixen
332456403,HoesBeThirsty
347524374,asanchez_25
271739194,HTWeezy_181
64489209,x_JesstheMess
139272125,TheReal__Hop
218526813,dancebiebr
351067358,edancergirlxoxo
86168724,TheDaveyPeters
262454953,Rihannas_Child
290301230,itsmary_xoxo
251395294,GraceT653
263691205,Justiin__Case
42510888,ImJustSayingBro
75281385,ABIFAIL94
357971946,OhHot_Sam
945721,post_break
307701289,CharlesStLoud
164094199,juliaroseeven
80862068,Jfry71943
394418954,ImSooBeched
356418350,t_schlatter
59524706,JasonBlahAah
322987477,JPmeetsworld