278855391,AngelMos418
40067619,allisonlanza
303420630,Brashurr_World
12618492,davidbean
333794696,TattHONDROonYu
38096911,MariaaaLee33
20999981,nattyy_ice
317569543,_kaygarrett
26834776,girlygurl818
179400836,lahf11
284628430,b_walker3
34395240,KenzieeCarroll
280777389,annaabernathy
350854412,myartpieces
81647059,Nailahh_xo
292683893,CamerooniNcheez
34768779,MissSteinberg
161521811,LaVacaNadadora
25963856,FirstClassAsh
300928318,Lauren_Sack
392169870,Jass_Lashae
373115502,katelynrenahall
327994124,maccccdaddy_20
287350897,Ashhh_Hole
19741661,JakeMaki
327078534,JByrd_
32331128,HAYSTAKMAK
81860959,Brain_Frese
20214831,TheRayRay75
76225956,davidhmarlow
42569198,_SilverStallion
61270735,DJHonestAve
265685722,allison_lebo
30597694,Jenn_Arthur
66154344,Kyle_paz19
144415967,gracevcampos
155010707,JasonY81
40925887,fedbytheravens
267932188,chrisdelreyyy
30601748,itsashleycakes
302258234,HDougs
320884945,FoOd_KiLLaH
51877583,afreezy2
376466499,Kevinhagerman94
230097513,LovelyyRachel
53334382,sunwolf78
352884478,JuliaEsquer
22177502,Justinschultze_
254401928,JORDAANMOOORE
295340462,msrx0
259901233,brispeaker
195369385,LIVineasyyy
94761111,kevinespinoza
392299250,emilypickless
160059197,hhlexx
286876100,Chl0sterToaster
255293339,JuanJuanTooMany
338167123,Jglackkk
253297807,TropicanaBriana
101593344,ashleynmcmillan
343838566,LexxxJardenil
256773287,iTweet_Jose
377660514,AshleyHasAFro
95671622,minombreesangel
336950490,RandySavage_69
319450103,peanuh_buhah
246415736,brndnhp
340007841,morgstephenson
39897844,TheBroddss
79753992,aboutogo_han
123986340,HappyGoFugly
363979395,maScARAH_12
310445971,ayeee_asianface
309303548,Grace_Ghanem
251717831,Naaaatladyy
208279736,elizabethfry14
88870358,LexiAndlKnowIt
69569991,TeenNinjaDwarf
235832375,victoriaaldapa
391823594,ahotROD_
308215920,Jacdgre
176663017,miamn
160659354,Ayee_Bayyy
308817567,Tu_Stac
340737708,Hellerrrr_
309106296,ryaneal
28906465,emsteinyyy
176227825,nathanblim
357813572,_katfish
24472132,5jOHN5
351327876,Ima_Beweaver
261914244,carsonlueders
43019337,Lauren_Egan
255799705,brandnew_BJ
237413240,KingOfCameruin
321447612,mikegoeshard
82341423,gottahavedav
64367166,BrYaN_AK47
30972374,Samica_
288376490,alexacunhaa
30822218,andreapined
382156129,nathan_krause
219049295,RezzKillah501
189895266,bollywoodfanmia
271157909,Sammy_felderman
25897435,MeganSay
34094724,KyleIsSavage
135782947,David_Clutch
381572221,BecattiTheBoss
96066368,5_5WitBrownEyes
100119657,TheMorganWelch
52975520,JustinMoris
25821356,CamBearPig
245264669,akhi_brian
230580525,allinHERtweets_
33925367,DeClueless
197700578,LeoCraN_BreeZy
382947784,NoSimpleShxt
288715240,morgannsumnaa
234866000,_JusttJenny
49100561,d_old_man
57798273,Im_ZoeClaire
270906614,OConnor_93
293213181,l_tarpley
222824120,YourPops_LuvsMe
251799369,tayyyamanda
135069683,MariaDeJesus23
362257288,JohnRaymond21
290601341,AnnaMarieSubler
393642659,Hannah_Joycee
294037425,iBieberAlcohol
277030441,hannahhowardd_
206912999,BCielicki
25693282,_Batz1
355248546,alexkittybabe
302662448,itsjordan13
33135194,KaylaBruch
150383104,SofiaRD96
41536249,nathanvickers
310492568,PrinceProdigy69
241229843,timesAwastin_
343104919,r_locicero
794695,bradyobrien
285607620,GenesiisHidalgo
268366947,TheBritChic
162988060,jet_miss_love
300104381,gwenin04
40604299,thindiezel
347096222,KatelynOReilly3
301117918,Xx__coolshits
134954386,kaylaascott
238867925,LadyVxx3
349944244,WhoSaidIWasNice
129371328,Ashley_ChopstiX
247085273,Sorbsguy
342299212,chloe_martin8
279781693,brookebarreira
96956807,Carlos_Tweets
320918254,Vickehhx33
95656300,JayBouwman
290268568,Weezlic
52736381,Cnett21
277769310,50ShadesOf_Bay
37749959,theREALtingy
58374966,GTM127
264628404,CurtxCobain
275725843,mgstrong525
234669118,JohnChungg
93350436,_DannyCee
283252009,heroofaIbion
279177113,VeeZeyFBaby
198189594,kgoldd
326509990,evan_danos
76197212,NintendoThug
243319382,Queen_VictoriaL
322956056,marybary_518
57552116,AlexRea98
227108149,jenbiebvill
90233061,maddiebrookep
254108070,btwimmeg
321647306,DynamyteDylan
304705046,leah_eller
65107757,acdorion
55482997,BrandonSellitti
61634536,YepItsLauren
164799361,_FATJESUS
304796892,jadenmayflower
84167314,AlexYork
163614757,MyName_Robert
196757095,Vanetassis
259533576,jessarndtt
96423170,_AshaJay
62648441,LittleNatal
270479707,pennywisee_
380618924,braaandur
333194654,Sophiejclauss
380053409,jordandelane
231970972,sydneeywigham
60252529,MikeyBro_09
23553730,JennVorpahl
363847840,DirtyShellToes
218099040,Car0linaKid803
45278016,Nw425er
262346368,_IgobyAaron
257106582,isabelortega26
347613520,Mr_GooodWood
380479475,Callme_Sweety
262912800,maweeeaa_
32623333,SarahJanvier
169001284,_morganlee
233808043,SamanthaLebbos
126155886,Dguardado2010
36227219,ariana_janaee
203656084,SmokedOut_Nutty
15886924,alexandraaaaa17
320431059,E_At_It_Again
91925221,Phrozenthedruid
62552349,clucasm
268557840,Love_theFuture
294864398,mcdade_mike
36929472,callmekatherine
254748618,vannaahh_
290857774,briannaR_dunkel
296433109,samdelgrande
70724896,Justin_Youngg
134120927,caca10001
68979118,jazzy_babii_22
229865466,DoneGoneHamV2
156393615,mattchewizcool
351687363,Kat_legault
114866787,rahoot
313660948,morgankaitlyn12
346073826,Ethan_B_Good
368368493,jessica_beal
40352693,whoiswyatt
231497380,AlexTheTimelord
252413333,tyrANNAsarous
294823376,Andrea_cc7
240492997,ACH3N
183115415,gapitcaroline
234586270,justbi3ber
238452879,surethingkiddo
170547353,A_Timps
253438069,haileywnelson
281289188,iLive_ToPlay
344215167,SofiaNasafi
353824529,Rileysagesmom89
33055549,dave8822
161790425,AshleyKlis
241666095,bigpapibrad_
257513036,Emmaalleeee
309984509,babybitchel
47992126,_JET_JET_
22994551,MatthewRoach7
249449454,carsonham12
59534956,Auttie_Rea
128091149,VeeLo_
386731248,AddisonFaith_
352856870,n00netime
123042176,k_volis
125217315,evelynized
243429263,sarahhh_gee
25940641,stsandel
114044206,Matt_Crenshaw
146868029,noahniedziela
309800804,dj_dylon
8465072,johnmagpantay
264514479,LyleLoganMarotz
69151701,Kid_Dmg
404439154,Chris_Ames4
253766808,BoysLoveM_
335518656,WhatAn_AshHole
28176987,_mamaa
323127182,BornLegendaryy
231083817,katherinevixen
332456403,HoesBeThirsty
347524374,asanchez_25
271739194,HTWeezy_181
64489209,x_JesstheMess
139272125,TheReal__Hop
218526813,dancebiebr
351067358,edancergirlxoxo
86168724,TheDaveyPeters
262454953,Rihannas_Child
290301230,itsmary_xoxo
251395294,GraceT653
263691205,Justiin__Case
42510888,ImJustSayingBro
75281385,ABIFAIL94
357971946,OhHot_Sam
945721,post_break
307701289,CharlesStLoud
164094199,juliaroseeven
80862068,Jfry71943
394418954,ImSooBeched
356418350,t_schlatter
59524706,JasonBlahAah
322987477,JPmeetsworld