45278016,Nw425er
304705046,leah_eller
68979118,jazzy_babii_22
255799705,brandnew_BJ
67551504,YourPops_LuvsMe
222824120,5_5WitBrownEyes
96066368,ayeee_asianface
310445971,NintendoThug
76197212,_FATJESUS
164799361,stsandel
25940641,bradyobrien
794695,Callme_Sweety
324585341,50ShadesOf_Bay
324716507,Dguardado2010
380479475,BecattiTheBoss
277769310,CharlesStLoud
126155886,Brain_Frese
381572221,CurtxCobain
307701289,BCielicki
81860959,kevinespinoza
264628404,minombreesangel
206912999,acdorion
94761111,Chl0sterToaster
95671622,SamanthaLebbos
65107757,_mamaa
153174216,haileywnelson
286876100,Grace_Ghanem
233808043,Brashurr_World
28176987,btwimmeg
253438069,E_At_It_Again
323750103,sarahhh_gee
309303548,dancebiebr
303420630,morgannsumnaa
254108070,VeeZeyFBaby
320431059,brispeaker
243429263,BrandonSellitti
218526813,k_volis
338527846,kaylaascott
288715240,ahotROD_
279177113,justbi3ber
259901233,johnmagpantay
55482997,ashleynmcmillan
123042176,surethingkiddo
134954386,Jenn_Arthur
391823594,iBieberAlcohol
234586270,TheReal__Hop
8465072,b_walker3
101593344,JORDAANMOOORE
238452879,JustinMoris
30597694,WhatAn_AshHole
294037425,LIVineasyyy
139272125,FoOd_KiLLaH
284628430,AshleyHasAFro
309199603,Jacdgre
254401928,AlexTheTimelord
323397768,mikegoeshard
52975520,Jfry71943
335518656,afreezy2
195369385,kgoldd
110813235,asanchez_25
320884945,isabelortega26
377660514,_morganlee
308215920,morgankaitlyn12
231497380,LadyVxx3
321447612,AlexRea98
362280471,chrisdelreyyy
80862068,_AshaJay
51877583,TheBritChic
198189594,A_Timps
347524374,akhi_brian
257106582,ariana_janaee
169001284,mgstrong525
313660948,HTWeezy_181
238867925,DJHonestAve
57552116,miamn
267932188,Xx__coolshits
96423170,DynamyteDylan
268366947,Ima_Beweaver
170547353,JPmeetsworld
245264669,katherinevixen
36227219,RezzKillah501
275725843,TattHONDROonYu
271739194,edancergirlxoxo
61270735,jordandelane
176663017,babybitchel
301117918,iTweet_Jose
321647306,Carlos_Tweets
351327876,TheMorganWelch
322987477,ABIFAIL94
231083817,AshleyKlis
219049295,hhlexx
333794696,CamerooniNcheez
351067358,nathan_krause
79331483,annaabernathy
380053409,Cnett21
309984509,jet_miss_love
256773287,TheRayRay75
96956807,Ashley_ChopstiX
100119657,mattchewizcool
263844672,Lauren_Egan
75281385,Kevinhagerman94
161790425,MariaaaLee33
160059197,LeoCraN_BreeZy
20486257,tayyyamanda
292683893,MeganSay
382156129,Car0linaKid803
152386398,allinHERtweets_
54109735,t_schlatter
280777389,JasonY81
52736381,alexacunhaa
162988060,JuanJuanTooMany
16268124,NoSimpleShxt
20214831,KatelynOReilly3
129371328,JohnRaymond21
156393615,dj_dylon
43019337,_katfish
376466499,Jglackkk
38096911,itsashleycakes
197700578,ryaneal
264004608,TropicanaBriana
251799369,OConnor_93
25897435,peanuh_buhah
218099040,MissSteinberg
230580525,itsjordan13
356418350,HAYSTAKMAK
155010707,LittleNatal
288376490,Kat_legault
255293339,DeClueless
328810571,MyName_Robert
382947784,d_old_man
347096222,SofiaNasafi
362257288,_IgobyAaron
309800804,Matt_Crenshaw
357813572,_JET_JET_
338167123,Lauren_Sack
30601748,nathanblim
309106296,gwenin04
253297807,Naaaatladyy
270906614,r_locicero
319450103,VeeLo_
34768779,AnnaMarieSubler
302662448,dave8822
32331128,Vickehhx33
62648441,allisonlanza
351687363,Chris_Ames4
33925367,Auttie_Rea
163614757,_Batz1
49100561,Queen_VictoriaL
344215167,nattyy_ice
262346368,Hellerrrr_
114044206,KenzieeCarroll
47992126,_kaygarrett
300928318,SmokedOut_Nutty
176227825,JByrd_
300104381,Phrozenthedruid
251717831,Vanetassis
215600893,AddisonFaith_
343104919,GTM127
128091149,Rihannas_Child
290601341,lahf11
33055549,Sophiejclauss
320918254,heroofaIbion
40067619,BrYaN_AK47
404439154,JohnChungg
59534956,GenesiisHidalgo
25693282,Ashhh_Hole
243319382,SarahJanvier
20999981,DoneGoneHamV2
340737708,5jOHN5
34395240,MariaDeJesus23
317569543,GraceT653
203656084,Justinschultze_
327078534,sunwolf78
91925221,AngelMos418
196757095,hannahhowardd_
386731248,SofiaRD96
58374966,Kyle_paz19
262454953,Kid_Dmg
179400836,iLive_ToPlay
333194654,emsteinyyy
283252009,Justiin__Case
64367166,_JusttJenny
234669118,JakeMaki
285607620,l_tarpley
408104030,Sammy_felderman
280201343,BornLegendaryy
287350897,caca10001
32623333,Andrea_cc7
229865466,theREALtingy
360277090,Justin_Youngg
24472132,pennywisee_
405001437,TheBroddss
135069683,ImJustSayingBro
251395294,CamBearPig
37769615,HoesBeThirsty
366284588,whoiswyatt
22177502,TheDaveyPeters
53334382,mcdade_mike
280149816,Sorbsguy
278855391,samdelgrande
277030441,bollywoodfanmia
150383104,Im_ZoeClaire
66154344,Emmaalleeee
69151701,x_JesstheMess
281289188,braaandur
28906465,tyrANNAsarous
263691205,carsonlueders
234866000,gottahavedav
19741661,MatthewRoach7
293213181,LexiAndlKnowIt
271157909,elizabethfry14
177346314,marybary_518
323127182,alexkittybabe
134120927,LyleLoganMarotz
294823376,vannaahh_
37749959,aboutogo_han
70724896,Nailahh_xo
270479707,clucasm
39897844,sydneeywigham
42510888,_SilverStallion
314408322,DirtyShellToes
25821356,brookebarreira
332456403,evelynized
40352693,Rileysagesmom89
86168724,nathanvickers
294864398,jessica_beal
247085273,Jass_Lashae
296433109,maScARAH_12
189895266,thindiezel
57798273,Weezlic
257513036,AlexYork
64489209,JuliaEsquer
380618924,davidhmarlow
261976746,maccccdaddy_20
252413333,juliaroseeven
261914244,Samica_
161960774,andreapined
82341423,gapitcaroline
22994551,jessarndtt
260536939,TeenNinjaDwarf
88870358,HappyGoFugly
208279736,timesAwastin_
322956056,maddiebrookep
355248546,katelynrenahall
264514479,rahoot
254748618,girlygurl818
79753992,JasonBlahAah
81647059,chloe_martin8
62552349,bigpapibrad_
231970972,LaVacaNadadora
345525375,jenbiebvill
42569198,emilypickless
241228370,LovelyyRachel
363847840,carsonham12
279781693,WhoSaidIWasNice
125217315,PrinceProdigy69
353824529,Tu_Stac
41536249,jadenmayflower
368368493,Hannah_Joycee
392169870,JennVorpahl
363979395,KaylaBruch
40604299,msrx0
290268568,brndnhp
84167314,RandySavage_69
145531225,callmekatherine
352884478,HDougs
76225956,briannaR_dunkel
327994124,victoriaaldapa
164094199,gracevcampos
30972374,FirstClassAsh
30822218,evan_danos
183115415,ACH3N
259533576,MikeyBro_09
69569991,noahniedziela
123986340,alexandraaaaa17
241229843,Ethan_B_Good
90233061,Mr_GooodWood
373115502,BoysLoveM_
114866787,YepItsLauren
26834776,KyleIsSavage
59524706,allison_lebo
342299212,maweeeaa_
387761977,itsmary_xoxo
241666095,myartpieces
161521811,davidbean
227108149,fedbytheravens
392299250,ImSooBeched
230097513,JayBouwman
249449454,Ayee_Bayyy
349944244,post_break
310492568,_DannyCee
327448905,OhHot_Sam
378360915,David_Clutch
308817567,Love_theFuture
304796892,morgstephenson
393642659,KingOfCameruin
23553730,n00netime
33135194,LexxxJardenil
295340462,
246415736,
336950490,
36929472,
409519348,
120564132,
302258234,
290857774,
288853375,
235832375,
144415967,
25963856,
326509990,
334455185,
234891164,
240492997,
60252529,
146868029,
15886924,
346073826,
347613520,
253766808,
61634536,
34094724,
265685722,
262912800,
290301230,
350854412,
12618492,
40925887,
394418954,
95656300,
160659354,
945721,
93350436,
357971946,
135782947,
268557840,
340007841,
237413240,
352856870,
343838566,
